Modelo	k	Horizonte	Media	Error	Parámetros de la prueba	
MLPClassifier	3	2	0.571703	0.015103	{u'solver': u'lbfgs', u'random_state': 2, u'hidden_layer_sizes': [5, 4]}	{u'solver': u'lbfgs', u'random_state': 2, u'hidden_layer_sizes': [5, 4]}
MLPClassifier	4	2	0.566903	0.006241	{u'solver': u'lbfgs', u'random_state': 2, u'hidden_layer_sizes': [5, 4]}	{u'solver': u'lbfgs', u'random_state': 2, u'hidden_layer_sizes': [5, 4]}
MLPClassifier	3	2	0.560672	0.014781	{u'solver': u'lbfgs', u'random_state': 1, u'hidden_layer_sizes': [5, 2]}	{u'solver': u'lbfgs', u'random_state': 2, u'hidden_layer_sizes': [5, 4]}
MLPClassifier	4	2	0.560050	0.013945	{u'solver': u'lbfgs', u'random_state': 1, u'hidden_layer_sizes': [5, 3]}	{u'solver': u'lbfgs', u'random_state': 2, u'hidden_layer_sizes': [5, 4]}
MLPClassifier	3	2	0.558666	0.034928	{u'solver': u'lbfgs', u'random_state': 1, u'hidden_layer_sizes': [5, 3]}	{u'solver': u'lbfgs', u'random_state': 2, u'hidden_layer_sizes': [5, 4]}
MLPClassifier	4	3	0.555453	0.008553	{u'solver': u'lbfgs', u'random_state': 2, u'hidden_layer_sizes': [5, 3]}	{u'solver': u'lbfgs', u'random_state': 2, u'hidden_layer_sizes': [5, 3]}
MLPClassifier	4	2	0.555036	0.039630	{u'solver': u'lbfgs', u'random_state': 1, u'hidden_layer_sizes': [5, 4]}	{u'solver': u'lbfgs', u'random_state': 2, u'hidden_layer_sizes': [5, 4]}
MLPClassifier	3	4	0.551609	0.008575	{u'solver': u'lbfgs', u'random_state': 1, u'hidden_layer_sizes': [5, 4]}	{u'solver': u'lbfgs', u'random_state': 1, u'hidden_layer_sizes': [5, 4]}
MLPClassifier	4	3	0.551525	0.007992	{u'solver': u'lbfgs', u'random_state': 2, u'hidden_layer_sizes': [5, 4]}	{u'solver': u'lbfgs', u'random_state': 2, u'hidden_layer_sizes': [5, 3]}
MLPClassifier	3	4	0.551442	0.014907	{u'solver': u'lbfgs', u'random_state': 2, u'hidden_layer_sizes': [5, 4]}	{u'solver': u'lbfgs', u'random_state': 1, u'hidden_layer_sizes': [5, 4]}
MLPClassifier	2	3	0.551396	0.014749	{u'solver': u'lbfgs', u'random_state': 1, u'hidden_layer_sizes': [5, 3]}	{u'solver': u'lbfgs', u'random_state': 1, u'hidden_layer_sizes': [5, 3]}
MLPClassifier	4	2	0.551275	0.012431	{u'solver': u'lbfgs', u'random_state': 2, u'hidden_layer_sizes': [5, 2]}	{u'solver': u'lbfgs', u'random_state': 2, u'hidden_layer_sizes': [5, 4]}
MLPClassifier	4	2	0.550439	0.008413	{u'solver': u'lbfgs', u'random_state': 2, u'hidden_layer_sizes': [5, 3]}	{u'solver': u'lbfgs', u'random_state': 2, u'hidden_layer_sizes': [5, 4]}
MLPClassifier	3	2	0.550142	0.015901	{u'solver': u'lbfgs', u'random_state': 2, u'hidden_layer_sizes': [5, 3]}	{u'solver': u'lbfgs', u'random_state': 2, u'hidden_layer_sizes': [5, 4]}
MLPClassifier	3	3	0.548851	0.006398	{u'solver': u'lbfgs', u'random_state': 2, u'hidden_layer_sizes': [5, 4]}	{u'solver': u'lbfgs', u'random_state': 2, u'hidden_layer_sizes': [5, 4]}
MLPClassifier	2	2	0.546336	0.026987	{u'solver': u'lbfgs', u'random_state': 2, u'hidden_layer_sizes': [5, 3]}	{u'solver': u'lbfgs', u'random_state': 2, u'hidden_layer_sizes': [5, 3]}
MLPClassifier	2	3	0.545546	0.019346	{u'solver': u'lbfgs', u'random_state': 1, u'hidden_layer_sizes': [5, 4]}	{u'solver': u'lbfgs', u'random_state': 1, u'hidden_layer_sizes': [5, 3]}
MLPClassifier	5	2	0.545006	0.013463	{u'solver': u'lbfgs', u'random_state': 1, u'hidden_layer_sizes': [5, 3]}	{u'solver': u'lbfgs', u'random_state': 1, u'hidden_layer_sizes': [5, 3]}
MLPClassifier	3	3	0.544923	0.011105	{u'solver': u'lbfgs', u'random_state': 2, u'hidden_layer_sizes': [5, 3]}	{u'solver': u'lbfgs', u'random_state': 2, u'hidden_layer_sizes': [5, 4]}
MLPClassifier	3	5	0.544383	0.012948	{u'solver': u'lbfgs', u'random_state': 2, u'hidden_layer_sizes': [5, 4]}	{u'solver': u'lbfgs', u'random_state': 2, u'hidden_layer_sizes': [5, 4]}
MLPClassifier	2	3	0.544292	0.020592	{u'solver': u'lbfgs', u'random_state': 2, u'hidden_layer_sizes': [5, 3]}	{u'solver': u'lbfgs', u'random_state': 1, u'hidden_layer_sizes': [5, 3]}
MLPClassifier	3	4	0.544254	0.009002	{u'solver': u'lbfgs', u'random_state': 1, u'hidden_layer_sizes': [5, 3]}	{u'solver': u'lbfgs', u'random_state': 1, u'hidden_layer_sizes': [5, 4]}
MLPClassifier	4	3	0.544254	0.009900	{u'solver': u'lbfgs', u'random_state': 1, u'hidden_layer_sizes': [5, 3]}	{u'solver': u'lbfgs', u'random_state': 2, u'hidden_layer_sizes': [5, 3]}
MLPClassifier	3	3	0.543920	0.011678	{u'solver': u'lbfgs', u'random_state': 1, u'hidden_layer_sizes': [5, 4]}	{u'solver': u'lbfgs', u'random_state': 2, u'hidden_layer_sizes': [5, 4]}
MLPClassifier	3	2	0.543289	0.028701	{u'solver': u'lbfgs', u'random_state': 1, u'hidden_layer_sizes': [5, 4]}	{u'solver': u'lbfgs', u'random_state': 2, u'hidden_layer_sizes': [5, 4]}
MLPClassifier	4	3	0.542332	0.008956	{u'solver': u'lbfgs', u'random_state': 2, u'hidden_layer_sizes': [5, 2]}	{u'solver': u'lbfgs', u'random_state': 2, u'hidden_layer_sizes': [5, 3]}
MLPClassifier	4	4	0.542043	0.013372	{u'solver': u'lbfgs', u'random_state': 1, u'hidden_layer_sizes': [5, 3]}	{u'solver': u'lbfgs', u'random_state': 1, u'hidden_layer_sizes': [5, 3]}
MLPClassifier	3	3	0.540911	0.021304	{u'solver': u'lbfgs', u'random_state': 1, u'hidden_layer_sizes': [5, 2]}	{u'solver': u'lbfgs', u'random_state': 2, u'hidden_layer_sizes': [5, 4]}
MLPClassifier	4	4	0.540705	0.018948	{u'solver': u'lbfgs', u'random_state': 2, u'hidden_layer_sizes': [5, 4]}	{u'solver': u'lbfgs', u'random_state': 1, u'hidden_layer_sizes': [5, 3]}
MLPClassifier	4	5	0.540500	0.022518	{u'solver': u'lbfgs', u'random_state': 1, u'hidden_layer_sizes': [5, 4]}	{u'solver': u'lbfgs', u'random_state': 1, u'hidden_layer_sizes': [5, 4]}
MLPClassifier	2	2	0.539901	0.015535	{u'solver': u'lbfgs', u'random_state': 1, u'hidden_layer_sizes': [5, 2]}	{u'solver': u'lbfgs', u'random_state': 2, u'hidden_layer_sizes': [5, 3]}
MLPClassifier	4	4	0.539034	0.005438	{u'solver': u'lbfgs', u'random_state': 2, u'hidden_layer_sizes': [5, 3]}	{u'solver': u'lbfgs', u'random_state': 1, u'hidden_layer_sizes': [5, 3]}
MLPClassifier	2	3	0.539027	0.007173	{u'solver': u'lbfgs', u'random_state': 1, u'hidden_layer_sizes': [5, 2]}	{u'solver': u'lbfgs', u'random_state': 1, u'hidden_layer_sizes': [5, 3]}
MLPClassifier	4	4	0.537864	0.017610	{u'solver': u'lbfgs', u'random_state': 1, u'hidden_layer_sizes': [5, 4]}	{u'solver': u'lbfgs', u'random_state': 1, u'hidden_layer_sizes': [5, 3]}
MLPClassifier	4	5	0.537741	0.008690	{u'solver': u'lbfgs', u'random_state': 2, u'hidden_layer_sizes': [5, 4]}	{u'solver': u'lbfgs', u'random_state': 1, u'hidden_layer_sizes': [5, 4]}
MLPClassifier	4	3	0.536983	0.026794	{u'solver': u'lbfgs', u'random_state': 1, u'hidden_layer_sizes': [5, 4]}	{u'solver': u'lbfgs', u'random_state': 2, u'hidden_layer_sizes': [5, 3]}
MLPClassifier	3	6	0.536738	0.002732	{u'solver': u'lbfgs', u'random_state': 1, u'hidden_layer_sizes': [5, 4]}	{u'solver': u'lbfgs', u'random_state': 1, u'hidden_layer_sizes': [5, 4]}
MLPClassifier	5	2	0.536732	0.017442	{u'solver': u'lbfgs', u'random_state': 2, u'hidden_layer_sizes': [5, 4]}	{u'solver': u'lbfgs', u'random_state': 1, u'hidden_layer_sizes': [5, 3]}
MLPClassifier	2	4	0.536649	0.007976	{u'solver': u'lbfgs', u'random_state': 2, u'hidden_layer_sizes': [5, 3]}	{u'solver': u'lbfgs', u'random_state': 2, u'hidden_layer_sizes': [5, 3]}
MLPClassifier	5	2	0.536649	0.033256	{u'solver': u'lbfgs', u'random_state': 2, u'hidden_layer_sizes': [5, 3]}	{u'solver': u'lbfgs', u'random_state': 1, u'hidden_layer_sizes': [5, 3]}
MLPClassifier	5	5	0.536571	0.004918	{u'solver': u'lbfgs', u'random_state': 2, u'hidden_layer_sizes': [5, 4]}	{u'solver': u'lbfgs', u'random_state': 2, u'hidden_layer_sizes': [5, 4]}
MLPClassifier	2	2	0.536057	0.021967	{u'solver': u'lbfgs', u'random_state': 1, u'hidden_layer_sizes': [5, 4]}	{u'solver': u'lbfgs', u'random_state': 2, u'hidden_layer_sizes': [5, 3]}
MLPClassifier	3	5	0.536025	0.012353	{u'solver': u'lbfgs', u'random_state': 1, u'hidden_layer_sizes': [5, 3]}	{u'solver': u'lbfgs', u'random_state': 2, u'hidden_layer_sizes': [5, 4]}
MLPClassifier	5	3	0.535774	0.010114	{u'solver': u'lbfgs', u'random_state': 2, u'hidden_layer_sizes': [5, 4]}	{u'solver': u'lbfgs', u'random_state': 2, u'hidden_layer_sizes': [5, 4]}
MLPClassifier	3	5	0.535607	0.014782	{u'solver': u'lbfgs', u'random_state': 1, u'hidden_layer_sizes': [5, 4]}	{u'solver': u'lbfgs', u'random_state': 2, u'hidden_layer_sizes': [5, 4]}
MLPClassifier	4	6	0.535484	0.000423	{u'solver': u'lbfgs', u'random_state': 2, u'hidden_layer_sizes': [5, 4]}	{u'solver': u'lbfgs', u'random_state': 2, u'hidden_layer_sizes': [5, 4]}
MLPClassifier	4	5	0.534816	0.005999	{u'solver': u'lbfgs', u'random_state': 2, u'hidden_layer_sizes': [5, 3]}	{u'solver': u'lbfgs', u'random_state': 1, u'hidden_layer_sizes': [5, 4]}
MLPClassifier	3	6	0.534314	0.022570	{u'solver': u'lbfgs', u'random_state': 2, u'hidden_layer_sizes': [5, 4]}	{u'solver': u'lbfgs', u'random_state': 1, u'hidden_layer_sizes': [5, 4]}
MLPClassifier	4	4	0.534269	0.014756	{u'solver': u'lbfgs', u'random_state': 2, u'hidden_layer_sizes': [5, 2]}	{u'solver': u'lbfgs', u'random_state': 1, u'hidden_layer_sizes': [5, 3]}
MLPClassifier	3	6	0.534231	0.001491	{u'solver': u'lbfgs', u'random_state': 1, u'hidden_layer_sizes': [5, 3]}	{u'solver': u'lbfgs', u'random_state': 1, u'hidden_layer_sizes': [5, 4]}
MLPClassifier	3	3	0.534225	0.011620	{u'solver': u'lbfgs', u'random_state': 1, u'hidden_layer_sizes': [5, 3]}	{u'solver': u'lbfgs', u'random_state': 2, u'hidden_layer_sizes': [5, 4]}
MLPClassifier	5	4	0.533980	0.002137	{u'solver': u'lbfgs', u'random_state': 2, u'hidden_layer_sizes': [5, 4]}	{u'solver': u'lbfgs', u'random_state': 2, u'hidden_layer_sizes': [5, 4]}
MLPClassifier	4	5	0.533562	0.017227	{u'solver': u'lbfgs', u'random_state': 2, u'hidden_layer_sizes': [5, 2]}	{u'solver': u'lbfgs', u'random_state': 1, u'hidden_layer_sizes': [5, 4]}
MLPClassifier	5	3	0.533183	0.005173	{u'solver': u'lbfgs', u'random_state': 1, u'hidden_layer_sizes': [5, 3]}	{u'solver': u'lbfgs', u'random_state': 2, u'hidden_layer_sizes': [5, 4]}
MLPClassifier	4	6	0.533144	0.004740	{u'solver': u'lbfgs', u'random_state': 2, u'hidden_layer_sizes': [5, 3]}	{u'solver': u'lbfgs', u'random_state': 2, u'hidden_layer_sizes': [5, 4]}
MLPClassifier	2	4	0.531383	0.003618	{u'solver': u'lbfgs', u'random_state': 2, u'hidden_layer_sizes': [5, 4]}	{u'solver': u'lbfgs', u'random_state': 2, u'hidden_layer_sizes': [5, 3]}
MLPClassifier	2	6	0.531344	0.004329	{u'solver': u'lbfgs', u'random_state': 1, u'hidden_layer_sizes': [5, 2]}	{u'solver': u'lbfgs', u'random_state': 1, u'hidden_layer_sizes': [5, 2]}
MLPClassifier	4	7	0.531266	0.004378	{u'solver': u'lbfgs', u'random_state': 1, u'hidden_layer_sizes': [5, 3]}	{u'solver': u'lbfgs', u'random_state': 1, u'hidden_layer_sizes': [5, 3]}
MLPClassifier	2	4	0.530882	0.014755	{u'solver': u'lbfgs', u'random_state': 1, u'hidden_layer_sizes': [5, 2]}	{u'solver': u'lbfgs', u'random_state': 2, u'hidden_layer_sizes': [5, 3]}
MLPClassifier	2	2	0.530877	0.056777	{u'solver': u'lbfgs', u'random_state': 1, u'hidden_layer_sizes': [5, 3]}	{u'solver': u'lbfgs', u'random_state': 2, u'hidden_layer_sizes': [5, 3]}
MLPClassifier	3	7	0.530636	0.004390	{u'solver': u'lbfgs', u'random_state': 1, u'hidden_layer_sizes': [5, 3]}	{u'solver': u'lbfgs', u'random_state': 1, u'hidden_layer_sizes': [5, 3]}
MLPClassifier	4	7	0.530513	0.006861	{u'solver': u'lbfgs', u'random_state': 2, u'hidden_layer_sizes': [5, 4]}	{u'solver': u'lbfgs', u'random_state': 1, u'hidden_layer_sizes': [5, 3]}
MLPClassifier	4	6	0.529549	0.002125	{u'solver': u'lbfgs', u'random_state': 1, u'hidden_layer_sizes': [5, 4]}	{u'solver': u'lbfgs', u'random_state': 2, u'hidden_layer_sizes': [5, 4]}
MLPClassifier	2	7	0.529466	0.015168	{u'solver': u'lbfgs', u'random_state': 1, u'hidden_layer_sizes': [5, 4]}	{u'solver': u'lbfgs', u'random_state': 1, u'hidden_layer_sizes': [5, 4]}
MLPClassifier	3	4	0.529377	0.019768	{u'solver': u'lbfgs', u'random_state': 1, u'hidden_layer_sizes': [5, 2]}	{u'solver': u'lbfgs', u'random_state': 1, u'hidden_layer_sizes': [5, 4]}
MLPClassifier	4	7	0.529343	0.006442	{u'solver': u'lbfgs', u'random_state': 1, u'hidden_layer_sizes': [5, 4]}	{u'solver': u'lbfgs', u'random_state': 1, u'hidden_layer_sizes': [5, 3]}
MLPClassifier	2	5	0.528876	0.002020	{u'solver': u'lbfgs', u'random_state': 2, u'hidden_layer_sizes': [5, 3]}	{u'solver': u'lbfgs', u'random_state': 2, u'hidden_layer_sizes': [5, 3]}
MLPClassifier	2	7	0.528630	0.000792	{u'solver': u'lbfgs', u'random_state': 2, u'hidden_layer_sizes': [5, 3]}	{u'solver': u'lbfgs', u'random_state': 1, u'hidden_layer_sizes': [5, 4]}
MLPClassifier	3	7	0.528630	0.017577	{u'solver': u'lbfgs', u'random_state': 2, u'hidden_layer_sizes': [5, 4]}	{u'solver': u'lbfgs', u'random_state': 1, u'hidden_layer_sizes': [5, 3]}
MLPClassifier	2	2	0.527450	0.015793	{u'solver': u'lbfgs', u'random_state': 2, u'hidden_layer_sizes': [5, 4]}	{u'solver': u'lbfgs', u'random_state': 2, u'hidden_layer_sizes': [5, 3]}
MLPClassifier	4	5	0.527209	0.020589	{u'solver': u'lbfgs', u'random_state': 1, u'hidden_layer_sizes': [5, 3]}	{u'solver': u'lbfgs', u'random_state': 1, u'hidden_layer_sizes': [5, 4]}
MLPClassifier	2	5	0.527121	0.011997	{u'solver': u'lbfgs', u'random_state': 1, u'hidden_layer_sizes': [5, 2]}	{u'solver': u'lbfgs', u'random_state': 2, u'hidden_layer_sizes': [5, 3]}
MLPClassifier	2	3	0.525322	0.018466	{u'solver': u'lbfgs', u'random_state': 2, u'hidden_layer_sizes': [5, 4]}	{u'solver': u'lbfgs', u'random_state': 1, u'hidden_layer_sizes': [5, 3]}
MLPClassifier	4	7	0.525163	0.013551	{u'solver': u'lbfgs', u'random_state': 2, u'hidden_layer_sizes': [5, 3]}	{u'solver': u'lbfgs', u'random_state': 1, u'hidden_layer_sizes': [5, 3]}
MLPClassifier	2	7	0.523113	0.005768	{u'solver': u'lbfgs', u'random_state': 1, u'hidden_layer_sizes': [5, 2]}	{u'solver': u'lbfgs', u'random_state': 1, u'hidden_layer_sizes': [5, 4]}
MLPClassifier	3	7	0.523029	0.023147	{u'solver': u'lbfgs', u'random_state': 1, u'hidden_layer_sizes': [5, 4]}	{u'solver': u'lbfgs', u'random_state': 1, u'hidden_layer_sizes': [5, 3]}
MLPClassifier	5	3	0.522902	0.026238	{u'solver': u'lbfgs', u'random_state': 2, u'hidden_layer_sizes': [5, 3]}	{u'solver': u'lbfgs', u'random_state': 2, u'hidden_layer_sizes': [5, 4]}
MLPClassifier	2	6	0.522818	0.007996	{u'solver': u'lbfgs', u'random_state': 1, u'hidden_layer_sizes': [5, 4]}	{u'solver': u'lbfgs', u'random_state': 1, u'hidden_layer_sizes': [5, 2]}
MLPClassifier	4	6	0.522611	0.005674	{u'solver': u'lbfgs', u'random_state': 2, u'hidden_layer_sizes': [5, 2]}	{u'solver': u'lbfgs', u'random_state': 2, u'hidden_layer_sizes': [5, 4]}
MLPClassifier	2	6	0.521481	0.042932	{u'solver': u'lbfgs', u'random_state': 2, u'hidden_layer_sizes': [5, 3]}	{u'solver': u'lbfgs', u'random_state': 1, u'hidden_layer_sizes': [5, 2]}
MLPClassifier	4	6	0.520689	0.019716	{u'solver': u'lbfgs', u'random_state': 1, u'hidden_layer_sizes': [5, 3]}	{u'solver': u'lbfgs', u'random_state': 2, u'hidden_layer_sizes': [5, 4]}
MLPClassifier	5	4	0.518933	0.034847	{u'solver': u'lbfgs', u'random_state': 1, u'hidden_layer_sizes': [5, 3]}	{u'solver': u'lbfgs', u'random_state': 2, u'hidden_layer_sizes': [5, 4]}
MLPClassifier	2	7	0.518014	0.033971	{u'solver': u'lbfgs', u'random_state': 1, u'hidden_layer_sizes': [5, 3]}	{u'solver': u'lbfgs', u'random_state': 1, u'hidden_layer_sizes': [5, 4]}
MLPClassifier	4	7	0.516720	0.006741	{u'solver': u'lbfgs', u'random_state': 2, u'hidden_layer_sizes': [5, 2]}	{u'solver': u'lbfgs', u'random_state': 1, u'hidden_layer_sizes': [5, 3]}
MLPClassifier	5	4	0.516175	0.004316	{u'solver': u'lbfgs', u'random_state': 2, u'hidden_layer_sizes': [5, 3]}	{u'solver': u'lbfgs', u'random_state': 2, u'hidden_layer_sizes': [5, 4]}
MLPClassifier	3	2	0.514123	0.014570	{u'solver': u'sgd', u'random_state': 2, u'hidden_layer_sizes': [5, 4]}	{u'solver': u'lbfgs', u'random_state': 2, u'hidden_layer_sizes': [5, 4]}
MLPClassifier	2	5	0.513247	0.013415	{u'solver': u'lbfgs', u'random_state': 1, u'hidden_layer_sizes': [5, 4]}	{u'solver': u'lbfgs', u'random_state': 2, u'hidden_layer_sizes': [5, 3]}
MLPClassifier	2	6	0.513206	0.032814	{u'solver': u'lbfgs', u'random_state': 1, u'hidden_layer_sizes': [5, 3]}	{u'solver': u'lbfgs', u'random_state': 1, u'hidden_layer_sizes': [5, 2]}
MLPClassifier	3	5	0.513039	0.052548	{u'solver': u'lbfgs', u'random_state': 2, u'hidden_layer_sizes': [5, 3]}	{u'solver': u'lbfgs', u'random_state': 2, u'hidden_layer_sizes': [5, 4]}
MLPClassifier	2	4	0.512996	0.005409	{u'solver': u'lbfgs', u'random_state': 1, u'hidden_layer_sizes': [5, 4]}	{u'solver': u'lbfgs', u'random_state': 2, u'hidden_layer_sizes': [5, 3]}
MLPClassifier	3	6	0.512915	0.042790	{u'solver': u'lbfgs', u'random_state': 2, u'hidden_layer_sizes': [5, 3]}	{u'solver': u'lbfgs', u'random_state': 1, u'hidden_layer_sizes': [5, 4]}
MLPClassifier	5	6	0.511035	0.036552	{u'solver': u'lbfgs', u'random_state': 2, u'hidden_layer_sizes': [5, 4]}	{u'solver': u'lbfgs', u'random_state': 2, u'hidden_layer_sizes': [5, 4]}
MLPClassifier	2	7	0.510658	0.020758	{u'solver': u'lbfgs', u'random_state': 2, u'hidden_layer_sizes': [5, 4]}	{u'solver': u'lbfgs', u'random_state': 1, u'hidden_layer_sizes': [5, 4]}
MLPClassifier	5	3	0.510532	0.045482	{u'solver': u'lbfgs', u'random_state': 1, u'hidden_layer_sizes': [5, 2]}	{u'solver': u'lbfgs', u'random_state': 2, u'hidden_layer_sizes': [5, 4]}
MLPClassifier	5	2	0.510405	0.037343	{u'solver': u'lbfgs', u'random_state': 1, u'hidden_layer_sizes': [5, 2]}	{u'solver': u'lbfgs', u'random_state': 1, u'hidden_layer_sizes': [5, 3]}
MLPClassifier	5	5	0.510156	0.004803	{u'solver': u'lbfgs', u'random_state': 2, u'hidden_layer_sizes': [5, 3]}	{u'solver': u'lbfgs', u'random_state': 2, u'hidden_layer_sizes': [5, 4]}
MLPClassifier	4	2	0.509904	0.006400	{u'solver': u'sgd', u'random_state': 1, u'hidden_layer_sizes': [5, 3]}	{u'solver': u'lbfgs', u'random_state': 2, u'hidden_layer_sizes': [5, 4]}
MLPClassifier	2	5	0.509068	0.033578	{u'solver': u'lbfgs', u'random_state': 2, u'hidden_layer_sizes': [5, 4]}	{u'solver': u'lbfgs', u'random_state': 2, u'hidden_layer_sizes': [5, 3]}
MLPClassifier	5	6	0.509029	0.006089	{u'solver': u'lbfgs', u'random_state': 1, u'hidden_layer_sizes': [5, 2]}	{u'solver': u'lbfgs', u'random_state': 2, u'hidden_layer_sizes': [5, 4]}
MLPClassifier	3	4	0.508734	0.032636	{u'solver': u'lbfgs', u'random_state': 2, u'hidden_layer_sizes': [5, 3]}	{u'solver': u'lbfgs', u'random_state': 1, u'hidden_layer_sizes': [5, 4]}
MLPClassifier	5	6	0.508694	0.007297	{u'solver': u'lbfgs', u'random_state': 1, u'hidden_layer_sizes': [5, 3]}	{u'solver': u'lbfgs', u'random_state': 2, u'hidden_layer_sizes': [5, 4]}
MLPClassifier	3	7	0.508317	0.026166	{u'solver': u'lbfgs', u'random_state': 1, u'hidden_layer_sizes': [5, 2]}	{u'solver': u'lbfgs', u'random_state': 1, u'hidden_layer_sizes': [5, 3]}
MLPClassifier	3	7	0.508317	0.035728	{u'solver': u'lbfgs', u'random_state': 2, u'hidden_layer_sizes': [5, 3]}	{u'solver': u'lbfgs', u'random_state': 1, u'hidden_layer_sizes': [5, 3]}
MLPClassifier	3	6	0.507899	0.034721	{u'solver': u'lbfgs', u'random_state': 1, u'hidden_layer_sizes': [5, 2]}	{u'solver': u'lbfgs', u'random_state': 1, u'hidden_layer_sizes': [5, 4]}
MLPClassifier	5	6	0.506855	0.005813	{u'solver': u'lbfgs', u'random_state': 2, u'hidden_layer_sizes': [5, 3]}	{u'solver': u'lbfgs', u'random_state': 2, u'hidden_layer_sizes': [5, 4]}
MLPClassifier	3	5	0.506770	0.017293	{u'solver': u'lbfgs', u'random_state': 1, u'hidden_layer_sizes': [5, 2]}	{u'solver': u'lbfgs', u'random_state': 2, u'hidden_layer_sizes': [5, 4]}
MLPClassifier	3	2	0.506435	0.002562	{u'solver': u'sgd', u'random_state': 1, u'hidden_layer_sizes': [5, 3]}	{u'solver': u'lbfgs', u'random_state': 2, u'hidden_layer_sizes': [5, 4]}
MLPClassifier	5	7	0.505560	0.003502	{u'solver': u'lbfgs', u'random_state': 2, u'hidden_layer_sizes': [5, 3]}	{u'solver': u'lbfgs', u'random_state': 2, u'hidden_layer_sizes': [5, 3]}
MLPClassifier	2	5	0.505307	0.017709	{u'solver': u'lbfgs', u'random_state': 1, u'hidden_layer_sizes': [5, 3]}	{u'solver': u'lbfgs', u'random_state': 2, u'hidden_layer_sizes': [5, 3]}
MLPClassifier	3	2	0.504596	0.005332	{u'solver': u'sgd', u'random_state': 1, u'hidden_layer_sizes': [5, 2]}	{u'solver': u'lbfgs', u'random_state': 2, u'hidden_layer_sizes': [5, 4]}
MLPClassifier	2	2	0.504387	0.003864	{u'solver': u'sgd', u'random_state': 2, u'hidden_layer_sizes': [5, 2]}	{u'solver': u'lbfgs', u'random_state': 2, u'hidden_layer_sizes': [5, 3]}
MLPClassifier	2	2	0.504387	0.003581	{u'solver': u'sgd', u'random_state': 1, u'hidden_layer_sizes': [5, 4]}	{u'solver': u'lbfgs', u'random_state': 2, u'hidden_layer_sizes': [5, 3]}
MLPClassifier	2	4	0.503636	0.002506	{u'solver': u'sgd', u'random_state': 2, u'hidden_layer_sizes': [5, 2]}	{u'solver': u'lbfgs', u'random_state': 2, u'hidden_layer_sizes': [5, 3]}
MLPClassifier	2	3	0.503594	0.002492	{u'solver': u'sgd', u'random_state': 1, u'hidden_layer_sizes': [5, 4]}	{u'solver': u'lbfgs', u'random_state': 1, u'hidden_layer_sizes': [5, 3]}
MLPClassifier	3	4	0.503552	0.013556	{u'solver': u'sgd', u'random_state': 2, u'hidden_layer_sizes': [5, 4]}	{u'solver': u'lbfgs', u'random_state': 1, u'hidden_layer_sizes': [5, 4]}
MLPClassifier	4	3	0.503552	0.005931	{u'solver': u'sgd', u'random_state': 1, u'hidden_layer_sizes': [5, 3]}	{u'solver': u'lbfgs', u'random_state': 2, u'hidden_layer_sizes': [5, 3]}
MLPClassifier	2	2	0.503468	0.003575	{u'solver': u'sgd', u'random_state': 2, u'hidden_layer_sizes': [5, 3]}	{u'solver': u'lbfgs', u'random_state': 2, u'hidden_layer_sizes': [5, 3]}
MLPClassifier	5	4	0.502717	0.014085	{u'solver': u'lbfgs', u'random_state': 1, u'hidden_layer_sizes': [5, 2]}	{u'solver': u'lbfgs', u'random_state': 2, u'hidden_layer_sizes': [5, 4]}
MLPClassifier	4	2	0.502633	0.000836	{u'solver': u'sgd', u'random_state': 1, u'hidden_layer_sizes': [5, 2]}	{u'solver': u'lbfgs', u'random_state': 2, u'hidden_layer_sizes': [5, 4]}
MLPClassifier	2	3	0.502507	0.002968	{u'solver': u'sgd', u'random_state': 2, u'hidden_layer_sizes': [5, 2]}	{u'solver': u'lbfgs', u'random_state': 1, u'hidden_layer_sizes': [5, 3]}
MLPClassifier	4	2	0.502466	0.002417	{u'solver': u'sgd', u'random_state': 1, u'hidden_layer_sizes': [5, 4]}	{u'solver': u'lbfgs', u'random_state': 2, u'hidden_layer_sizes': [5, 4]}
MLPClassifier	3	3	0.502382	0.003645	{u'solver': u'sgd', u'random_state': 2, u'hidden_layer_sizes': [5, 4]}	{u'solver': u'lbfgs', u'random_state': 2, u'hidden_layer_sizes': [5, 4]}
MLPClassifier	5	5	0.502382	0.019023	{u'solver': u'lbfgs', u'random_state': 1, u'hidden_layer_sizes': [5, 2]}	{u'solver': u'lbfgs', u'random_state': 2, u'hidden_layer_sizes': [5, 4]}
MLPClassifier	3	3	0.502298	0.002617	{u'solver': u'sgd', u'random_state': 2, u'hidden_layer_sizes': [5, 3]}	{u'solver': u'lbfgs', u'random_state': 2, u'hidden_layer_sizes': [5, 4]}
MLPClassifier	2	2	0.501462	0.001372	{u'solver': u'sgd', u'random_state': 2, u'hidden_layer_sizes': [5, 4]}	{u'solver': u'lbfgs', u'random_state': 2, u'hidden_layer_sizes': [5, 3]}
MLPClassifier	3	6	0.501379	0.006416	{u'solver': u'sgd', u'random_state': 2, u'hidden_layer_sizes': [5, 4]}	{u'solver': u'lbfgs', u'random_state': 1, u'hidden_layer_sizes': [5, 4]}
MLPClassifier	2	3	0.501337	0.009206	{u'solver': u'sgd', u'random_state': 1, u'hidden_layer_sizes': [5, 3]}	{u'solver': u'lbfgs', u'random_state': 1, u'hidden_layer_sizes': [5, 3]}
MLPClassifier	3	2	0.501254	0.000622	{u'solver': u'sgd', u'random_state': 1, u'hidden_layer_sizes': [5, 4]}	{u'solver': u'lbfgs', u'random_state': 2, u'hidden_layer_sizes': [5, 4]}
MLPClassifier	2	4	0.501128	0.003357	{u'solver': u'sgd', u'random_state': 1, u'hidden_layer_sizes': [5, 2]}	{u'solver': u'lbfgs', u'random_state': 2, u'hidden_layer_sizes': [5, 3]}
MLPClassifier	2	2	0.501045	0.002047	{u'solver': u'sgd', u'random_state': 1, u'hidden_layer_sizes': [5, 2]}	{u'solver': u'lbfgs', u'random_state': 2, u'hidden_layer_sizes': [5, 3]}
MLPClassifier	5	2	0.500961	0.004106	{u'solver': u'sgd', u'random_state': 1, u'hidden_layer_sizes': [5, 3]}	{u'solver': u'lbfgs', u'random_state': 1, u'hidden_layer_sizes': [5, 3]}
MLPClassifier	3	3	0.500878	0.001787	{u'solver': u'sgd', u'random_state': 1, u'hidden_layer_sizes': [5, 3]}	{u'solver': u'lbfgs', u'random_state': 2, u'hidden_layer_sizes': [5, 4]}
MLPClassifier	5	7	0.500711	0.009877	{u'solver': u'lbfgs', u'random_state': 2, u'hidden_layer_sizes': [5, 4]}	{u'solver': u'lbfgs', u'random_state': 2, u'hidden_layer_sizes': [5, 3]}
MLPClassifier	5	7	0.500543	0.010708	{u'solver': u'lbfgs', u'random_state': 1, u'hidden_layer_sizes': [5, 2]}	{u'solver': u'lbfgs', u'random_state': 2, u'hidden_layer_sizes': [5, 3]}
MLPClassifier	5	2	0.500293	0.007881	{u'solver': u'sgd', u'random_state': 2, u'hidden_layer_sizes': [5, 4]}	{u'solver': u'lbfgs', u'random_state': 1, u'hidden_layer_sizes': [5, 3]}
MLPClassifier	2	2	0.499958	0.011729	{u'solver': u'sgd', u'random_state': 1, u'hidden_layer_sizes': [5, 3]}	{u'solver': u'lbfgs', u'random_state': 2, u'hidden_layer_sizes': [5, 3]}
MLPClassifier	4	3	0.499958	0.005079	{u'solver': u'sgd', u'random_state': 1, u'hidden_layer_sizes': [5, 2]}	{u'solver': u'lbfgs', u'random_state': 2, u'hidden_layer_sizes': [5, 3]}
MLPClassifier	4	3	0.499958	0.006199	{u'solver': u'sgd', u'random_state': 2, u'hidden_layer_sizes': [5, 3]}	{u'solver': u'lbfgs', u'random_state': 2, u'hidden_layer_sizes': [5, 3]}
MLPClassifier	4	2	0.499791	0.002254	{u'solver': u'sgd', u'random_state': 2, u'hidden_layer_sizes': [5, 2]}	{u'solver': u'lbfgs', u'random_state': 2, u'hidden_layer_sizes': [5, 4]}
MLPClassifier	4	2	0.499791	0.002328	{u'solver': u'sgd', u'random_state': 2, u'hidden_layer_sizes': [5, 4]}	{u'solver': u'lbfgs', u'random_state': 2, u'hidden_layer_sizes': [5, 4]}
MLPClassifier	3	4	0.499624	0.005423	{u'solver': u'sgd', u'random_state': 1, u'hidden_layer_sizes': [5, 3]}	{u'solver': u'lbfgs', u'random_state': 1, u'hidden_layer_sizes': [5, 4]}
MLPClassifier	5	4	0.499540	0.004938	{u'solver': u'sgd', u'random_state': 2, u'hidden_layer_sizes': [5, 4]}	{u'solver': u'lbfgs', u'random_state': 2, u'hidden_layer_sizes': [5, 4]}
MLPClassifier	2	3	0.499331	0.004393	{u'solver': u'sgd', u'random_state': 2, u'hidden_layer_sizes': [5, 4]}	{u'solver': u'lbfgs', u'random_state': 1, u'hidden_layer_sizes': [5, 3]}
MLPClassifier	4	3	0.499290	0.006138	{u'solver': u'sgd', u'random_state': 2, u'hidden_layer_sizes': [5, 4]}	{u'solver': u'lbfgs', u'random_state': 2, u'hidden_layer_sizes': [5, 3]}
MLPClassifier	4	5	0.499289	0.004442	{u'solver': u'sgd', u'random_state': 2, u'hidden_layer_sizes': [5, 3]}	{u'solver': u'lbfgs', u'random_state': 1, u'hidden_layer_sizes': [5, 4]}
MLPClassifier	3	3	0.498955	0.002719	{u'solver': u'sgd', u'random_state': 1, u'hidden_layer_sizes': [5, 2]}	{u'solver': u'lbfgs', u'random_state': 2, u'hidden_layer_sizes': [5, 4]}
MLPClassifier	3	3	0.498955	0.003401	{u'solver': u'sgd', u'random_state': 1, u'hidden_layer_sizes': [5, 4]}	{u'solver': u'lbfgs', u'random_state': 2, u'hidden_layer_sizes': [5, 4]}
MLPClassifier	3	2	0.498914	0.006113	{u'solver': u'sgd', u'random_state': 2, u'hidden_layer_sizes': [5, 3]}	{u'solver': u'lbfgs', u'random_state': 2, u'hidden_layer_sizes': [5, 4]}
MLPClassifier	2	5	0.498788	0.003368	{u'solver': u'sgd', u'random_state': 2, u'hidden_layer_sizes': [5, 2]}	{u'solver': u'lbfgs', u'random_state': 2, u'hidden_layer_sizes': [5, 3]}
MLPClassifier	3	4	0.498788	0.002859	{u'solver': u'sgd', u'random_state': 1, u'hidden_layer_sizes': [5, 4]}	{u'solver': u'lbfgs', u'random_state': 1, u'hidden_layer_sizes': [5, 4]}
MLPClassifier	3	5	0.498663	0.009708	{u'solver': u'sgd', u'random_state': 2, u'hidden_layer_sizes': [5, 4]}	{u'solver': u'lbfgs', u'random_state': 2, u'hidden_layer_sizes': [5, 4]}
MLPClassifier	2	4	0.498537	0.003090	{u'solver': u'sgd', u'random_state': 2, u'hidden_layer_sizes': [5, 4]}	{u'solver': u'lbfgs', u'random_state': 2, u'hidden_layer_sizes': [5, 3]}
MLPClassifier	3	6	0.498537	0.004701	{u'solver': u'sgd', u'random_state': 1, u'hidden_layer_sizes': [5, 3]}	{u'solver': u'lbfgs', u'random_state': 1, u'hidden_layer_sizes': [5, 4]}
MLPClassifier	3	7	0.498370	0.006920	{u'solver': u'sgd', u'random_state': 2, u'hidden_layer_sizes': [5, 4]}	{u'solver': u'lbfgs', u'random_state': 1, u'hidden_layer_sizes': [5, 3]}
MLPClassifier	4	3	0.498370	0.003793	{u'solver': u'sgd', u'random_state': 1, u'hidden_layer_sizes': [5, 4]}	{u'solver': u'lbfgs', u'random_state': 2, u'hidden_layer_sizes': [5, 3]}
MLPClassifier	2	3	0.498245	0.004475	{u'solver': u'sgd', u'random_state': 2, u'hidden_layer_sizes': [5, 3]}	{u'solver': u'lbfgs', u'random_state': 1, u'hidden_layer_sizes': [5, 3]}
MLPClassifier	4	4	0.498161	0.006219	{u'solver': u'sgd', u'random_state': 1, u'hidden_layer_sizes': [5, 3]}	{u'solver': u'lbfgs', u'random_state': 1, u'hidden_layer_sizes': [5, 3]}
MLPClassifier	2	3	0.497994	0.005855	{u'solver': u'sgd', u'random_state': 1, u'hidden_layer_sizes': [5, 2]}	{u'solver': u'lbfgs', u'random_state': 1, u'hidden_layer_sizes': [5, 3]}
MLPClassifier	4	2	0.497869	0.002481	{u'solver': u'sgd', u'random_state': 2, u'hidden_layer_sizes': [5, 3]}	{u'solver': u'lbfgs', u'random_state': 2, u'hidden_layer_sizes': [5, 4]}
MLPClassifier	4	5	0.497785	0.001232	{u'solver': u'sgd', u'random_state': 1, u'hidden_layer_sizes': [5, 4]}	{u'solver': u'lbfgs', u'random_state': 1, u'hidden_layer_sizes': [5, 4]}
MLPClassifier	2	6	0.497743	0.009523	{u'solver': u'lbfgs', u'random_state': 2, u'hidden_layer_sizes': [5, 4]}	{u'solver': u'lbfgs', u'random_state': 1, u'hidden_layer_sizes': [5, 2]}
MLPClassifier	2	4	0.497618	0.002115	{u'solver': u'sgd', u'random_state': 1, u'hidden_layer_sizes': [5, 4]}	{u'solver': u'lbfgs', u'random_state': 2, u'hidden_layer_sizes': [5, 3]}
MLPClassifier	4	5	0.497534	0.002337	{u'solver': u'sgd', u'random_state': 1, u'hidden_layer_sizes': [5, 3]}	{u'solver': u'lbfgs', u'random_state': 1, u'hidden_layer_sizes': [5, 4]}
MLPClassifier	5	4	0.497450	0.003295	{u'solver': u'sgd', u'random_state': 1, u'hidden_layer_sizes': [5, 3]}	{u'solver': u'lbfgs', u'random_state': 2, u'hidden_layer_sizes': [5, 4]}
MLPClassifier	5	2	0.497367	0.001739	{u'solver': u'sgd', u'random_state': 1, u'hidden_layer_sizes': [5, 2]}	{u'solver': u'lbfgs', u'random_state': 1, u'hidden_layer_sizes': [5, 3]}
MLPClassifier	4	3	0.497117	0.001937	{u'solver': u'sgd', u'random_state': 2, u'hidden_layer_sizes': [5, 2]}	{u'solver': u'lbfgs', u'random_state': 2, u'hidden_layer_sizes': [5, 3]}
MLPClassifier	4	5	0.497116	0.002545	{u'solver': u'sgd', u'random_state': 1, u'hidden_layer_sizes': [5, 2]}	{u'solver': u'lbfgs', u'random_state': 1, u'hidden_layer_sizes': [5, 4]}
MLPClassifier	2	7	0.497033	0.002743	{u'solver': u'sgd', u'random_state': 1, u'hidden_layer_sizes': [5, 2]}	{u'solver': u'lbfgs', u'random_state': 1, u'hidden_layer_sizes': [5, 4]}
MLPClassifier	2	7	0.497033	0.003368	{u'solver': u'sgd', u'random_state': 2, u'hidden_layer_sizes': [5, 2]}	{u'solver': u'lbfgs', u'random_state': 1, u'hidden_layer_sizes': [5, 4]}
MLPClassifier	2	7	0.497033	0.003618	{u'solver': u'sgd', u'random_state': 2, u'hidden_layer_sizes': [5, 4]}	{u'solver': u'lbfgs', u'random_state': 1, u'hidden_layer_sizes': [5, 4]}
MLPClassifier	5	4	0.497033	0.002961	{u'solver': u'sgd', u'random_state': 2, u'hidden_layer_sizes': [5, 3]}	{u'solver': u'lbfgs', u'random_state': 2, u'hidden_layer_sizes': [5, 4]}
MLPClassifier	4	4	0.496991	0.003361	{u'solver': u'sgd', u'random_state': 1, u'hidden_layer_sizes': [5, 2]}	{u'solver': u'lbfgs', u'random_state': 1, u'hidden_layer_sizes': [5, 3]}
MLPClassifier	3	6	0.496949	0.003177	{u'solver': u'sgd', u'random_state': 1, u'hidden_layer_sizes': [5, 2]}	{u'solver': u'lbfgs', u'random_state': 1, u'hidden_layer_sizes': [5, 4]}
MLPClassifier	3	6	0.496949	0.002947	{u'solver': u'sgd', u'random_state': 1, u'hidden_layer_sizes': [5, 4]}	{u'solver': u'lbfgs', u'random_state': 1, u'hidden_layer_sizes': [5, 4]}
MLPClassifier	4	5	0.496949	0.002947	{u'solver': u'sgd', u'random_state': 2, u'hidden_layer_sizes': [5, 2]}	{u'solver': u'lbfgs', u'random_state': 1, u'hidden_layer_sizes': [5, 4]}
MLPClassifier	2	5	0.496782	0.002905	{u'solver': u'sgd', u'random_state': 2, u'hidden_layer_sizes': [5, 4]}	{u'solver': u'lbfgs', u'random_state': 2, u'hidden_layer_sizes': [5, 3]}
MLPClassifier	2	7	0.496782	0.003214	{u'solver': u'sgd', u'random_state': 1, u'hidden_layer_sizes': [5, 4]}	{u'solver': u'lbfgs', u'random_state': 1, u'hidden_layer_sizes': [5, 4]}
MLPClassifier	3	6	0.496782	0.002959	{u'solver': u'sgd', u'random_state': 2, u'hidden_layer_sizes': [5, 3]}	{u'solver': u'lbfgs', u'random_state': 1, u'hidden_layer_sizes': [5, 4]}
MLPClassifier	3	7	0.496782	0.004385	{u'solver': u'sgd', u'random_state': 1, u'hidden_layer_sizes': [5, 3]}	{u'solver': u'lbfgs', u'random_state': 1, u'hidden_layer_sizes': [5, 3]}
MLPClassifier	5	4	0.496782	0.002959	{u'solver': u'sgd', u'random_state': 1, u'hidden_layer_sizes': [5, 2]}	{u'solver': u'lbfgs', u'random_state': 2, u'hidden_layer_sizes': [5, 4]}
MLPClassifier	5	2	0.496699	0.002845	{u'solver': u'sgd', u'random_state': 2, u'hidden_layer_sizes': [5, 3]}	{u'solver': u'lbfgs', u'random_state': 1, u'hidden_layer_sizes': [5, 3]}
MLPClassifier	2	7	0.496698	0.003175	{u'solver': u'sgd', u'random_state': 1, u'hidden_layer_sizes': [5, 3]}	{u'solver': u'lbfgs', u'random_state': 1, u'hidden_layer_sizes': [5, 4]}
MLPClassifier	2	7	0.496698	0.003175	{u'solver': u'sgd', u'random_state': 2, u'hidden_layer_sizes': [5, 3]}	{u'solver': u'lbfgs', u'random_state': 1, u'hidden_layer_sizes': [5, 4]}
MLPClassifier	4	5	0.496698	0.003581	{u'solver': u'sgd', u'random_state': 2, u'hidden_layer_sizes': [5, 4]}	{u'solver': u'lbfgs', u'random_state': 1, u'hidden_layer_sizes': [5, 4]}
MLPClassifier	5	3	0.496657	0.003277	{u'solver': u'sgd', u'random_state': 1, u'hidden_layer_sizes': [5, 3]}	{u'solver': u'lbfgs', u'random_state': 2, u'hidden_layer_sizes': [5, 4]}
MLPClassifier	2	5	0.496615	0.003678	{u'solver': u'sgd', u'random_state': 1, u'hidden_layer_sizes': [5, 2]}	{u'solver': u'lbfgs', u'random_state': 2, u'hidden_layer_sizes': [5, 3]}
MLPClassifier	2	7	0.496615	0.003393	{u'solver': u'lbfgs', u'random_state': 2, u'hidden_layer_sizes': [5, 2]}	{u'solver': u'lbfgs', u'random_state': 1, u'hidden_layer_sizes': [5, 4]}
MLPClassifier	3	4	0.496615	0.002864	{u'solver': u'sgd', u'random_state': 2, u'hidden_layer_sizes': [5, 3]}	{u'solver': u'lbfgs', u'random_state': 1, u'hidden_layer_sizes': [5, 4]}
MLPClassifier	3	6	0.496615	0.003393	{u'solver': u'lbfgs', u'random_state': 2, u'hidden_layer_sizes': [5, 2]}	{u'solver': u'lbfgs', u'random_state': 1, u'hidden_layer_sizes': [5, 4]}
MLPClassifier	3	6	0.496615	0.003393	{u'solver': u'sgd', u'random_state': 2, u'hidden_layer_sizes': [5, 2]}	{u'solver': u'lbfgs', u'random_state': 1, u'hidden_layer_sizes': [5, 4]}
MLPClassifier	4	5	0.496615	0.003393	{u'solver': u'lbfgs', u'random_state': 1, u'hidden_layer_sizes': [5, 2]}	{u'solver': u'lbfgs', u'random_state': 1, u'hidden_layer_sizes': [5, 4]}
MLPClassifier	5	4	0.496615	0.003393	{u'solver': u'lbfgs', u'random_state': 2, u'hidden_layer_sizes': [5, 2]}	{u'solver': u'lbfgs', u'random_state': 2, u'hidden_layer_sizes': [5, 4]}
MLPClassifier	5	4	0.496615	0.003393	{u'solver': u'sgd', u'random_state': 2, u'hidden_layer_sizes': [5, 2]}	{u'solver': u'lbfgs', u'random_state': 2, u'hidden_layer_sizes': [5, 4]}
MLPClassifier	5	4	0.496615	0.003393	{u'solver': u'lbfgs', u'random_state': 1, u'hidden_layer_sizes': [5, 4]}	{u'solver': u'lbfgs', u'random_state': 2, u'hidden_layer_sizes': [5, 4]}
MLPClassifier	5	4	0.496615	0.003393	{u'solver': u'sgd', u'random_state': 1, u'hidden_layer_sizes': [5, 4]}	{u'solver': u'lbfgs', u'random_state': 2, u'hidden_layer_sizes': [5, 4]}
MLPClassifier	3	4	0.496364	0.003675	{u'solver': u'sgd', u'random_state': 1, u'hidden_layer_sizes': [5, 2]}	{u'solver': u'lbfgs', u'random_state': 1, u'hidden_layer_sizes': [5, 4]}
MLPClassifier	2	4	0.496281	0.002703	{u'solver': u'sgd', u'random_state': 2, u'hidden_layer_sizes': [5, 3]}	{u'solver': u'lbfgs', u'random_state': 2, u'hidden_layer_sizes': [5, 3]}
MLPClassifier	2	5	0.496281	0.003484	{u'solver': u'sgd', u'random_state': 1, u'hidden_layer_sizes': [5, 3]}	{u'solver': u'lbfgs', u'random_state': 2, u'hidden_layer_sizes': [5, 3]}
MLPClassifier	2	5	0.496281	0.003484	{u'solver': u'sgd', u'random_state': 1, u'hidden_layer_sizes': [5, 4]}	{u'solver': u'lbfgs', u'random_state': 2, u'hidden_layer_sizes': [5, 3]}
MLPClassifier	4	6	0.496280	0.004960	{u'solver': u'sgd', u'random_state': 2, u'hidden_layer_sizes': [5, 3]}	{u'solver': u'lbfgs', u'random_state': 2, u'hidden_layer_sizes': [5, 4]}
MLPClassifier	2	5	0.496197	0.003300	{u'solver': u'sgd', u'random_state': 2, u'hidden_layer_sizes': [5, 3]}	{u'solver': u'lbfgs', u'random_state': 2, u'hidden_layer_sizes': [5, 3]}
MLPClassifier	5	3	0.496155	0.004358	{u'solver': u'sgd', u'random_state': 2, u'hidden_layer_sizes': [5, 4]}	{u'solver': u'lbfgs', u'random_state': 2, u'hidden_layer_sizes': [5, 4]}
MLPClassifier	2	4	0.496114	0.003328	{u'solver': u'sgd', u'random_state': 1, u'hidden_layer_sizes': [5, 3]}	{u'solver': u'lbfgs', u'random_state': 2, u'hidden_layer_sizes': [5, 3]}
MLPClassifier	2	5	0.496114	0.003452	{u'solver': u'lbfgs', u'random_state': 2, u'hidden_layer_sizes': [5, 2]}	{u'solver': u'lbfgs', u'random_state': 2, u'hidden_layer_sizes': [5, 3]}
MLPClassifier	3	4	0.496114	0.003452	{u'solver': u'lbfgs', u'random_state': 2, u'hidden_layer_sizes': [5, 2]}	{u'solver': u'lbfgs', u'random_state': 1, u'hidden_layer_sizes': [5, 4]}
MLPClassifier	3	4	0.496114	0.003452	{u'solver': u'sgd', u'random_state': 2, u'hidden_layer_sizes': [5, 2]}	{u'solver': u'lbfgs', u'random_state': 1, u'hidden_layer_sizes': [5, 4]}
MLPClassifier	4	3	0.496114	0.003452	{u'solver': u'lbfgs', u'random_state': 1, u'hidden_layer_sizes': [5, 2]}	{u'solver': u'lbfgs', u'random_state': 2, u'hidden_layer_sizes': [5, 3]}
MLPClassifier	5	2	0.496114	0.003452	{u'solver': u'lbfgs', u'random_state': 2, u'hidden_layer_sizes': [5, 2]}	{u'solver': u'lbfgs', u'random_state': 1, u'hidden_layer_sizes': [5, 3]}
MLPClassifier	5	2	0.496114	0.003452	{u'solver': u'sgd', u'random_state': 2, u'hidden_layer_sizes': [5, 2]}	{u'solver': u'lbfgs', u'random_state': 1, u'hidden_layer_sizes': [5, 3]}
MLPClassifier	5	2	0.496114	0.003452	{u'solver': u'lbfgs', u'random_state': 1, u'hidden_layer_sizes': [5, 4]}	{u'solver': u'lbfgs', u'random_state': 1, u'hidden_layer_sizes': [5, 3]}
MLPClassifier	5	2	0.496114	0.003452	{u'solver': u'sgd', u'random_state': 1, u'hidden_layer_sizes': [5, 4]}	{u'solver': u'lbfgs', u'random_state': 1, u'hidden_layer_sizes': [5, 3]}
MLPClassifier	5	5	0.495946	0.001953	{u'solver': u'sgd', u'random_state': 2, u'hidden_layer_sizes': [5, 4]}	{u'solver': u'lbfgs', u'random_state': 2, u'hidden_layer_sizes': [5, 4]}
MLPClassifier	4	6	0.495862	0.002338	{u'solver': u'sgd', u'random_state': 1, u'hidden_layer_sizes': [5, 3]}	{u'solver': u'lbfgs', u'random_state': 2, u'hidden_layer_sizes': [5, 4]}
MLPClassifier	5	7	0.495778	0.003350	{u'solver': u'sgd', u'random_state': 1, u'hidden_layer_sizes': [5, 2]}	{u'solver': u'lbfgs', u'random_state': 2, u'hidden_layer_sizes': [5, 3]}
MLPClassifier	5	7	0.495778	0.003350	{u'solver': u'lbfgs', u'random_state': 2, u'hidden_layer_sizes': [5, 2]}	{u'solver': u'lbfgs', u'random_state': 2, u'hidden_layer_sizes': [5, 3]}
MLPClassifier	5	7	0.495778	0.003350	{u'solver': u'sgd', u'random_state': 2, u'hidden_layer_sizes': [5, 2]}	{u'solver': u'lbfgs', u'random_state': 2, u'hidden_layer_sizes': [5, 3]}
MLPClassifier	5	7	0.495778	0.003350	{u'solver': u'sgd', u'random_state': 1, u'hidden_layer_sizes': [5, 3]}	{u'solver': u'lbfgs', u'random_state': 2, u'hidden_layer_sizes': [5, 3]}
MLPClassifier	5	7	0.495778	0.003350	{u'solver': u'sgd', u'random_state': 2, u'hidden_layer_sizes': [5, 3]}	{u'solver': u'lbfgs', u'random_state': 2, u'hidden_layer_sizes': [5, 3]}
MLPClassifier	5	7	0.495778	0.003350	{u'solver': u'lbfgs', u'random_state': 1, u'hidden_layer_sizes': [5, 4]}	{u'solver': u'lbfgs', u'random_state': 2, u'hidden_layer_sizes': [5, 3]}
MLPClassifier	5	7	0.495778	0.003350	{u'solver': u'sgd', u'random_state': 1, u'hidden_layer_sizes': [5, 4]}	{u'solver': u'lbfgs', u'random_state': 2, u'hidden_layer_sizes': [5, 3]}
MLPClassifier	5	7	0.495778	0.003350	{u'solver': u'sgd', u'random_state': 2, u'hidden_layer_sizes': [5, 4]}	{u'solver': u'lbfgs', u'random_state': 2, u'hidden_layer_sizes': [5, 3]}
MLPClassifier	4	4	0.495737	0.005542	{u'solver': u'sgd', u'random_state': 2, u'hidden_layer_sizes': [5, 3]}	{u'solver': u'lbfgs', u'random_state': 1, u'hidden_layer_sizes': [5, 3]}
MLPClassifier	4	4	0.495654	0.003824	{u'solver': u'sgd', u'random_state': 1, u'hidden_layer_sizes': [5, 4]}	{u'solver': u'lbfgs', u'random_state': 1, u'hidden_layer_sizes': [5, 3]}
MLPClassifier	2	4	0.495612	0.003064	{u'solver': u'lbfgs', u'random_state': 2, u'hidden_layer_sizes': [5, 2]}	{u'solver': u'lbfgs', u'random_state': 2, u'hidden_layer_sizes': [5, 3]}
MLPClassifier	2	4	0.495612	0.003064	{u'solver': u'lbfgs', u'random_state': 1, u'hidden_layer_sizes': [5, 3]}	{u'solver': u'lbfgs', u'random_state': 2, u'hidden_layer_sizes': [5, 3]}
MLPClassifier	3	3	0.495612	0.003064	{u'solver': u'lbfgs', u'random_state': 2, u'hidden_layer_sizes': [5, 2]}	{u'solver': u'lbfgs', u'random_state': 2, u'hidden_layer_sizes': [5, 4]}
MLPClassifier	3	3	0.495612	0.003064	{u'solver': u'sgd', u'random_state': 2, u'hidden_layer_sizes': [5, 2]}	{u'solver': u'lbfgs', u'random_state': 2, u'hidden_layer_sizes': [5, 4]}
MLPClassifier	4	2	0.495612	0.003064	{u'solver': u'lbfgs', u'random_state': 1, u'hidden_layer_sizes': [5, 2]}	{u'solver': u'lbfgs', u'random_state': 2, u'hidden_layer_sizes': [5, 4]}
MLPClassifier	2	3	0.495571	0.003050	{u'solver': u'lbfgs', u'random_state': 2, u'hidden_layer_sizes': [5, 2]}	{u'solver': u'lbfgs', u'random_state': 1, u'hidden_layer_sizes': [5, 3]}
MLPClassifier	3	2	0.495571	0.003050	{u'solver': u'lbfgs', u'random_state': 2, u'hidden_layer_sizes': [5, 2]}	{u'solver': u'lbfgs', u'random_state': 2, u'hidden_layer_sizes': [5, 4]}
MLPClassifier	3	2	0.495571	0.003050	{u'solver': u'sgd', u'random_state': 2, u'hidden_layer_sizes': [5, 2]}	{u'solver': u'lbfgs', u'random_state': 2, u'hidden_layer_sizes': [5, 4]}
MLPClassifier	5	5	0.495361	0.003124	{u'solver': u'sgd', u'random_state': 1, u'hidden_layer_sizes': [5, 3]}	{u'solver': u'lbfgs', u'random_state': 2, u'hidden_layer_sizes': [5, 4]}
MLPClassifier	4	6	0.495026	0.003248	{u'solver': u'sgd', u'random_state': 2, u'hidden_layer_sizes': [5, 2]}	{u'solver': u'lbfgs', u'random_state': 2, u'hidden_layer_sizes': [5, 4]}
MLPClassifier	3	7	0.494943	0.003049	{u'solver': u'sgd', u'random_state': 1, u'hidden_layer_sizes': [5, 2]}	{u'solver': u'lbfgs', u'random_state': 1, u'hidden_layer_sizes': [5, 3]}
MLPClassifier	3	5	0.494901	0.004337	{u'solver': u'sgd', u'random_state': 1, u'hidden_layer_sizes': [5, 4]}	{u'solver': u'lbfgs', u'random_state': 2, u'hidden_layer_sizes': [5, 4]}
MLPClassifier	3	7	0.494859	0.003040	{u'solver': u'sgd', u'random_state': 2, u'hidden_layer_sizes': [5, 3]}	{u'solver': u'lbfgs', u'random_state': 1, u'hidden_layer_sizes': [5, 3]}
MLPClassifier	3	7	0.494859	0.003040	{u'solver': u'sgd', u'random_state': 1, u'hidden_layer_sizes': [5, 4]}	{u'solver': u'lbfgs', u'random_state': 1, u'hidden_layer_sizes': [5, 3]}
MLPClassifier	3	7	0.494776	0.003049	{u'solver': u'lbfgs', u'random_state': 2, u'hidden_layer_sizes': [5, 2]}	{u'solver': u'lbfgs', u'random_state': 1, u'hidden_layer_sizes': [5, 3]}
MLPClassifier	3	7	0.494776	0.003049	{u'solver': u'sgd', u'random_state': 2, u'hidden_layer_sizes': [5, 2]}	{u'solver': u'lbfgs', u'random_state': 1, u'hidden_layer_sizes': [5, 3]}
MLPClassifier	4	6	0.494776	0.003049	{u'solver': u'lbfgs', u'random_state': 1, u'hidden_layer_sizes': [5, 2]}	{u'solver': u'lbfgs', u'random_state': 2, u'hidden_layer_sizes': [5, 4]}
MLPClassifier	4	6	0.494776	0.003049	{u'solver': u'sgd', u'random_state': 1, u'hidden_layer_sizes': [5, 2]}	{u'solver': u'lbfgs', u'random_state': 2, u'hidden_layer_sizes': [5, 4]}
MLPClassifier	4	6	0.494776	0.003049	{u'solver': u'sgd', u'random_state': 1, u'hidden_layer_sizes': [5, 4]}	{u'solver': u'lbfgs', u'random_state': 2, u'hidden_layer_sizes': [5, 4]}
MLPClassifier	5	5	0.494776	0.003049	{u'solver': u'sgd', u'random_state': 1, u'hidden_layer_sizes': [5, 2]}	{u'solver': u'lbfgs', u'random_state': 2, u'hidden_layer_sizes': [5, 4]}
MLPClassifier	5	5	0.494776	0.003049	{u'solver': u'lbfgs', u'random_state': 2, u'hidden_layer_sizes': [5, 2]}	{u'solver': u'lbfgs', u'random_state': 2, u'hidden_layer_sizes': [5, 4]}
MLPClassifier	5	5	0.494776	0.003049	{u'solver': u'sgd', u'random_state': 2, u'hidden_layer_sizes': [5, 2]}	{u'solver': u'lbfgs', u'random_state': 2, u'hidden_layer_sizes': [5, 4]}
MLPClassifier	5	5	0.494776	0.003049	{u'solver': u'lbfgs', u'random_state': 1, u'hidden_layer_sizes': [5, 3]}	{u'solver': u'lbfgs', u'random_state': 2, u'hidden_layer_sizes': [5, 4]}
MLPClassifier	5	5	0.494776	0.003049	{u'solver': u'sgd', u'random_state': 2, u'hidden_layer_sizes': [5, 3]}	{u'solver': u'lbfgs', u'random_state': 2, u'hidden_layer_sizes': [5, 4]}
MLPClassifier	5	5	0.494776	0.003049	{u'solver': u'lbfgs', u'random_state': 1, u'hidden_layer_sizes': [5, 4]}	{u'solver': u'lbfgs', u'random_state': 2, u'hidden_layer_sizes': [5, 4]}
MLPClassifier	5	5	0.494776	0.003049	{u'solver': u'sgd', u'random_state': 1, u'hidden_layer_sizes': [5, 4]}	{u'solver': u'lbfgs', u'random_state': 2, u'hidden_layer_sizes': [5, 4]}
MLPClassifier	4	6	0.494692	0.003246	{u'solver': u'sgd', u'random_state': 2, u'hidden_layer_sizes': [5, 4]}	{u'solver': u'lbfgs', u'random_state': 2, u'hidden_layer_sizes': [5, 4]}
MLPClassifier	4	7	0.494650	0.002558	{u'solver': u'sgd', u'random_state': 1, u'hidden_layer_sizes': [5, 3]}	{u'solver': u'lbfgs', u'random_state': 1, u'hidden_layer_sizes': [5, 3]}
MLPClassifier	4	4	0.494567	0.003882	{u'solver': u'sgd', u'random_state': 2, u'hidden_layer_sizes': [5, 4]}	{u'solver': u'lbfgs', u'random_state': 1, u'hidden_layer_sizes': [5, 3]}
MLPClassifier	3	5	0.494400	0.003239	{u'solver': u'sgd', u'random_state': 1, u'hidden_layer_sizes': [5, 3]}	{u'solver': u'lbfgs', u'random_state': 2, u'hidden_layer_sizes': [5, 4]}
MLPClassifier	2	2	0.494025	0.003466	{u'solver': u'lbfgs', u'random_state': 2, u'hidden_layer_sizes': [5, 2]}	{u'solver': u'lbfgs', u'random_state': 2, u'hidden_layer_sizes': [5, 3]}
MLPClassifier	2	6	0.493898	0.002630	{u'solver': u'sgd', u'random_state': 2, u'hidden_layer_sizes': [5, 4]}	{u'solver': u'lbfgs', u'random_state': 1, u'hidden_layer_sizes': [5, 2]}
MLPClassifier	3	5	0.493898	0.002886	{u'solver': u'sgd', u'random_state': 1, u'hidden_layer_sizes': [5, 2]}	{u'solver': u'lbfgs', u'random_state': 2, u'hidden_layer_sizes': [5, 4]}
MLPClassifier	4	4	0.493898	0.002092	{u'solver': u'sgd', u'random_state': 2, u'hidden_layer_sizes': [5, 2]}	{u'solver': u'lbfgs', u'random_state': 1, u'hidden_layer_sizes': [5, 3]}
MLPClassifier	5	3	0.493898	0.002092	{u'solver': u'sgd', u'random_state': 1, u'hidden_layer_sizes': [5, 2]}	{u'solver': u'lbfgs', u'random_state': 2, u'hidden_layer_sizes': [5, 4]}
MLPClassifier	2	6	0.493815	0.002826	{u'solver': u'sgd', u'random_state': 2, u'hidden_layer_sizes': [5, 2]}	{u'solver': u'lbfgs', u'random_state': 1, u'hidden_layer_sizes': [5, 2]}
MLPClassifier	5	3	0.493815	0.002629	{u'solver': u'sgd', u'random_state': 2, u'hidden_layer_sizes': [5, 3]}	{u'solver': u'lbfgs', u'random_state': 2, u'hidden_layer_sizes': [5, 4]}
MLPClassifier	2	6	0.493648	0.003037	{u'solver': u'sgd', u'random_state': 1, u'hidden_layer_sizes': [5, 2]}	{u'solver': u'lbfgs', u'random_state': 1, u'hidden_layer_sizes': [5, 2]}
MLPClassifier	2	6	0.493648	0.003037	{u'solver': u'sgd', u'random_state': 1, u'hidden_layer_sizes': [5, 3]}	{u'solver': u'lbfgs', u'random_state': 1, u'hidden_layer_sizes': [5, 2]}
MLPClassifier	2	6	0.493648	0.003037	{u'solver': u'sgd', u'random_state': 2, u'hidden_layer_sizes': [5, 3]}	{u'solver': u'lbfgs', u'random_state': 1, u'hidden_layer_sizes': [5, 2]}
MLPClassifier	2	6	0.493648	0.003037	{u'solver': u'sgd', u'random_state': 1, u'hidden_layer_sizes': [5, 4]}	{u'solver': u'lbfgs', u'random_state': 1, u'hidden_layer_sizes': [5, 2]}
MLPClassifier	3	5	0.493648	0.002629	{u'solver': u'sgd', u'random_state': 2, u'hidden_layer_sizes': [5, 3]}	{u'solver': u'lbfgs', u'random_state': 2, u'hidden_layer_sizes': [5, 4]}
MLPClassifier	2	6	0.493397	0.003232	{u'solver': u'lbfgs', u'random_state': 2, u'hidden_layer_sizes': [5, 2]}	{u'solver': u'lbfgs', u'random_state': 1, u'hidden_layer_sizes': [5, 2]}
MLPClassifier	3	5	0.493397	0.003232	{u'solver': u'lbfgs', u'random_state': 2, u'hidden_layer_sizes': [5, 2]}	{u'solver': u'lbfgs', u'random_state': 2, u'hidden_layer_sizes': [5, 4]}
MLPClassifier	3	5	0.493397	0.003232	{u'solver': u'sgd', u'random_state': 2, u'hidden_layer_sizes': [5, 2]}	{u'solver': u'lbfgs', u'random_state': 2, u'hidden_layer_sizes': [5, 4]}
MLPClassifier	4	4	0.493397	0.003232	{u'solver': u'lbfgs', u'random_state': 1, u'hidden_layer_sizes': [5, 2]}	{u'solver': u'lbfgs', u'random_state': 1, u'hidden_layer_sizes': [5, 3]}
MLPClassifier	5	3	0.493397	0.003232	{u'solver': u'lbfgs', u'random_state': 2, u'hidden_layer_sizes': [5, 2]}	{u'solver': u'lbfgs', u'random_state': 2, u'hidden_layer_sizes': [5, 4]}
MLPClassifier	5	3	0.493397	0.003232	{u'solver': u'sgd', u'random_state': 2, u'hidden_layer_sizes': [5, 2]}	{u'solver': u'lbfgs', u'random_state': 2, u'hidden_layer_sizes': [5, 4]}
MLPClassifier	5	3	0.493397	0.003232	{u'solver': u'lbfgs', u'random_state': 1, u'hidden_layer_sizes': [5, 4]}	{u'solver': u'lbfgs', u'random_state': 2, u'hidden_layer_sizes': [5, 4]}
MLPClassifier	5	3	0.493397	0.003232	{u'solver': u'sgd', u'random_state': 1, u'hidden_layer_sizes': [5, 4]}	{u'solver': u'lbfgs', u'random_state': 2, u'hidden_layer_sizes': [5, 4]}
MLPClassifier	4	7	0.492894	0.003061	{u'solver': u'sgd', u'random_state': 2, u'hidden_layer_sizes': [5, 2]}	{u'solver': u'lbfgs', u'random_state': 1, u'hidden_layer_sizes': [5, 3]}
MLPClassifier	4	7	0.492894	0.003061	{u'solver': u'sgd', u'random_state': 2, u'hidden_layer_sizes': [5, 3]}	{u'solver': u'lbfgs', u'random_state': 1, u'hidden_layer_sizes': [5, 3]}
MLPClassifier	4	7	0.492894	0.003232	{u'solver': u'sgd', u'random_state': 2, u'hidden_layer_sizes': [5, 4]}	{u'solver': u'lbfgs', u'random_state': 1, u'hidden_layer_sizes': [5, 3]}
MLPClassifier	5	6	0.492894	0.003061	{u'solver': u'sgd', u'random_state': 2, u'hidden_layer_sizes': [5, 4]}	{u'solver': u'lbfgs', u'random_state': 2, u'hidden_layer_sizes': [5, 4]}
MLPClassifier	4	7	0.492727	0.003024	{u'solver': u'lbfgs', u'random_state': 1, u'hidden_layer_sizes': [5, 2]}	{u'solver': u'lbfgs', u'random_state': 1, u'hidden_layer_sizes': [5, 3]}
MLPClassifier	4	7	0.492727	0.003024	{u'solver': u'sgd', u'random_state': 1, u'hidden_layer_sizes': [5, 2]}	{u'solver': u'lbfgs', u'random_state': 1, u'hidden_layer_sizes': [5, 3]}
MLPClassifier	4	7	0.492727	0.003024	{u'solver': u'sgd', u'random_state': 1, u'hidden_layer_sizes': [5, 4]}	{u'solver': u'lbfgs', u'random_state': 1, u'hidden_layer_sizes': [5, 3]}
MLPClassifier	5	6	0.492727	0.003024	{u'solver': u'sgd', u'random_state': 1, u'hidden_layer_sizes': [5, 2]}	{u'solver': u'lbfgs', u'random_state': 2, u'hidden_layer_sizes': [5, 4]}
MLPClassifier	5	6	0.492727	0.003024	{u'solver': u'lbfgs', u'random_state': 2, u'hidden_layer_sizes': [5, 2]}	{u'solver': u'lbfgs', u'random_state': 2, u'hidden_layer_sizes': [5, 4]}
MLPClassifier	5	6	0.492727	0.003024	{u'solver': u'sgd', u'random_state': 2, u'hidden_layer_sizes': [5, 2]}	{u'solver': u'lbfgs', u'random_state': 2, u'hidden_layer_sizes': [5, 4]}
MLPClassifier	5	6	0.492727	0.003024	{u'solver': u'sgd', u'random_state': 1, u'hidden_layer_sizes': [5, 3]}	{u'solver': u'lbfgs', u'random_state': 2, u'hidden_layer_sizes': [5, 4]}
MLPClassifier	5	6	0.492727	0.003024	{u'solver': u'sgd', u'random_state': 2, u'hidden_layer_sizes': [5, 3]}	{u'solver': u'lbfgs', u'random_state': 2, u'hidden_layer_sizes': [5, 4]}
MLPClassifier	5	6	0.492727	0.003024	{u'solver': u'lbfgs', u'random_state': 1, u'hidden_layer_sizes': [5, 4]}	{u'solver': u'lbfgs', u'random_state': 2, u'hidden_layer_sizes': [5, 4]}
MLPClassifier	5	6	0.492727	0.003024	{u'solver': u'sgd', u'random_state': 1, u'hidden_layer_sizes': [5, 4]}	{u'solver': u'lbfgs', u'random_state': 2, u'hidden_layer_sizes': [5, 4]}
MLPClassifier	5	7	0.489926	0.019446	{u'solver': u'lbfgs', u'random_state': 1, u'hidden_layer_sizes': [5, 3]}	{u'solver': u'lbfgs', u'random_state': 2, u'hidden_layer_sizes': [5, 3]}
